 {
    "apiVersion": "appconnect.ibm.com/v1beta1",
    "kind": "IntegrationServer",
    "metadata": {
         "name": "name",
        "namespace": "namespace"
    },
    "spec": {
        "adminServerSecure" : false,
        "barURL": "",
        "configurations": [
            "truststore.jks",
            "aceclient.kdb",
            "aceclient.sth",
            "odbc.ini"
        ],
        "designerFlowsOperationMode": "disabled",
        "license": {
            "accept": true,
            "license": "L-APEH-BPUCJK",
            "use": "AppConnectEnterpriseProduction"
        },
        "pod": {
            "containers": {
                "runtime": {
                    "livenessProbe" : {
                        "initialDelaySeconds": 1200
                    },
                    "image": "image",
                    "resources": {
                        "limits": {
                            "cpu": "250m",
                            "memory": "1024Mi"
                        },
                        "requests": {
                            "cpu": "125m",
                            "memory": "256Mi"
                        }
                    }
                }
            },
            "imagePullSecrets": [
                {
                    "name": "all-icr-io"
                }
            ]
        },
        "replicas": 1,
        "router": {
            "timeout": "120s"
        },
        "service": {
            "endpointType": "https"
        },
        "tracing": {
            "enabled": false
        },
        "useCommonServices": false,
        "version": "11.0.0.10-r1"
    }
}
